"","X.4","X.3","X.2","X.1","X","type","game_id","home_team","away_team","week","season","state_of_game","game_url","home_score","away_score"
"1",1,1,1,1,1,"reg",2019090500,"CHI","GB",1,2019,"POST","http://www.nfl.com/liveupdate/game-center/2019090500/2019090500_gtd.json",3,10
"2",2,2,2,2,2,"reg",2019090800,"CAR","LA",1,2019,"POST","http://www.nfl.com/liveupdate/game-center/2019090800/2019090800_gtd.json",27,30
"3",3,3,3,3,3,"reg",2019090806,"PHI","WAS",1,2019,"POST","http://www.nfl.com/liveupdate/game-center/2019090806/2019090806_gtd.json",32,27
"4",4,4,4,4,4,"reg",2019090805,"NYJ","BUF",1,2019,"POST","http://www.nfl.com/liveupdate/game-center/2019090805/2019090805_gtd.json",16,17
"5",5,5,5,5,5,"reg",2019090804,"MIN","ATL",1,2019,"POST","http://www.nfl.com/liveupdate/game-center/2019090804/2019090804_gtd.json",28,12
"6",6,6,6,6,6,"reg",2019090803,"MIA","BAL",1,2019,"POST","http://www.nfl.com/liveupdate/game-center/2019090803/2019090803_gtd.json",10,59
"7",7,7,7,7,7,"reg",2019090802,"JAX","KC",1,2019,"POST","http://www.nfl.com/liveupdate/game-center/2019090802/2019090802_gtd.json",26,40
"8",8,8,8,8,8,"reg",2019090801,"CLE","TEN",1,2019,"POST","http://www.nfl.com/liveupdate/game-center/2019090801/2019090801_gtd.json",13,43
"9",9,9,9,9,9,"reg",2019090807,"LAC","IND",1,2019,"POST","http://www.nfl.com/liveupdate/game-center/2019090807/2019090807_gtd.json",30,24
"10",10,10,10,10,10,"reg",2019090808,"SEA","CIN",1,2019,"POST","http://www.nfl.com/liveupdate/game-center/2019090808/2019090808_gtd.json",21,20
"11",11,11,11,11,11,"reg",2019090811,"TB","SF",1,2019,"POST","http://www.nfl.com/liveupdate/game-center/2019090811/2019090811_gtd.json",17,31
"12",12,12,12,12,12,"reg",2019090810,"DAL","NYG",1,2019,"POST","http://www.nfl.com/liveupdate/game-center/2019090810/2019090810_gtd.json",35,17
"13",13,13,13,13,13,"reg",2019090809,"ARI","DET",1,2019,"POST","http://www.nfl.com/liveupdate/game-center/2019090809/2019090809_gtd.json",27,27
"14",14,14,14,14,14,"reg",2019090812,"NE","PIT",1,2019,"POST","http://www.nfl.com/liveupdate/game-center/2019090812/2019090812_gtd.json",33,3
"15",15,15,15,15,15,"reg",2019090900,"NO","HOU",1,2019,"POST","http://www.nfl.com/liveupdate/game-center/2019090900/2019090900_gtd.json",30,28
"16",16,16,16,16,16,"reg",2019090901,"OAK","DEN",1,2019,"POST","http://www.nfl.com/liveupdate/game-center/2019090901/2019090901_gtd.json",24,16
"17",17,17,17,17,17,"reg",2019091200,"CAR","TB",2,2019,"POST","http://www.nfl.com/liveupdate/game-center/2019091200/2019091200_gtd.json",14,20
"18",18,18,18,18,18,"reg",2019091500,"BAL","ARI",2,2019,"POST","http://www.nfl.com/liveupdate/game-center/2019091500/2019091500_gtd.json",23,17
"19",19,19,19,19,19,"reg",2019091509,"WAS","DAL",2,2019,"POST","http://www.nfl.com/liveupdate/game-center/2019091509/2019091509_gtd.json",21,31
"20",20,20,20,20,20,"reg",2019091508,"TEN","IND",2,2019,"POST","http://www.nfl.com/liveupdate/game-center/2019091508/2019091508_gtd.json",17,19
"21",21,21,21,21,21,"reg",2019091507,"PIT","SEA",2,2019,"POST","http://www.nfl.com/liveupdate/game-center/2019091507/2019091507_gtd.json",26,28
"22",22,22,22,22,22,"reg",2019091506,"NYG","BUF",2,2019,"POST","http://www.nfl.com/liveupdate/game-center/2019091506/2019091506_gtd.json",14,28
"23",23,23,23,23,23,"reg",2019091501,"CIN","SF",2,2019,"POST","http://www.nfl.com/liveupdate/game-center/2019091501/2019091501_gtd.json",17,41
"24",24,24,24,24,24,"reg",2019091502,"DET","LAC",2,2019,"POST","http://www.nfl.com/liveupdate/game-center/2019091502/2019091502_gtd.json",13,10
"25",25,25,25,25,25,"reg",2019091503,"GB","MIN",2,2019,"POST","http://www.nfl.com/liveupdate/game-center/2019091503/2019091503_gtd.json",21,16
"26",26,26,26,26,26,"reg",2019091504,"HOU","JAX",2,2019,"POST","http://www.nfl.com/liveupdate/game-center/2019091504/2019091504_gtd.json",13,12
"27",27,27,27,27,27,"reg",2019091505,"MIA","NE",2,2019,"POST","http://www.nfl.com/liveupdate/game-center/2019091505/2019091505_gtd.json",0,43
"28",28,28,28,28,28,"reg",2019091510,"OAK","KC",2,2019,"POST","http://www.nfl.com/liveupdate/game-center/2019091510/2019091510_gtd.json",10,28
"29",29,29,29,29,29,"reg",2019091512,"LA","NO",2,2019,"POST","http://www.nfl.com/liveupdate/game-center/2019091512/2019091512_gtd.json",27,9
"30",30,30,30,30,30,"reg",2019091511,"DEN","CHI",2,2019,"POST","http://www.nfl.com/liveupdate/game-center/2019091511/2019091511_gtd.json",14,16
"31",31,31,31,31,31,"reg",2019091513,"ATL","PHI",2,2019,"POST","http://www.nfl.com/liveupdate/game-center/2019091513/2019091513_gtd.json",24,20
"32",32,32,32,32,32,"reg",2019091600,"NYJ","CLE",2,2019,"POST","http://www.nfl.com/liveupdate/game-center/2019091600/2019091600_gtd.json",3,23
"33",33,33,33,33,33,"reg",2019091900,"JAX","TEN",3,2019,"POST","http://www.nfl.com/liveupdate/game-center/2019091900/2019091900_gtd.json",20,7
"34",34,34,34,34,34,"reg",2019092200,"BUF","CIN",3,2019,"POST","http://www.nfl.com/liveupdate/game-center/2019092200/2019092200_gtd.json",21,17
"35",35,35,35,35,35,"reg",2019092207,"PHI","DET",3,2019,"POST","http://www.nfl.com/liveupdate/game-center/2019092207/2019092207_gtd.json",24,27
"36",36,36,36,36,36,"reg",2019092206,"NE","NYJ",3,2019,"POST","http://www.nfl.com/liveupdate/game-center/2019092206/2019092206_gtd.json",30,14
"37",37,37,37,37,37,"reg",2019092205,"MIN","OAK",3,2019,"POST","http://www.nfl.com/liveupdate/game-center/2019092205/2019092205_gtd.json",34,14
"38",38,38,38,38,38,"reg",2019092204,"KC","BAL",3,2019,"POST","http://www.nfl.com/liveupdate/game-center/2019092204/2019092204_gtd.json",33,28
"39",39,39,39,39,39,"reg",2019092203,"IND","ATL",3,2019,"POST","http://www.nfl.com/liveupdate/game-center/2019092203/2019092203_gtd.json",27,24
"40",40,40,40,40,40,"reg",2019092202,"GB","DEN",3,2019,"POST","http://www.nfl.com/liveupdate/game-center/2019092202/2019092202_gtd.json",27,16
"41",41,41,41,41,41,"reg",2019092201,"DAL","MIA",3,2019,"POST","http://www.nfl.com/liveupdate/game-center/2019092201/2019092201_gtd.json",31,6
"42",42,42,42,42,42,"reg",2019092209,"TB","NYG",3,2019,"POST","http://www.nfl.com/liveupdate/game-center/2019092209/2019092209_gtd.json",31,32
"43",43,43,43,43,43,"reg",2019092208,"ARI","CAR",3,2019,"POST","http://www.nfl.com/liveupdate/game-center/2019092208/2019092208_gtd.json",20,38
"44",44,44,44,44,44,"reg",2019092212,"SF","PIT",3,2019,"POST","http://www.nfl.com/liveupdate/game-center/2019092212/2019092212_gtd.json",24,20
"45",45,45,45,45,45,"reg",2019092211,"SEA","NO",3,2019,"POST","http://www.nfl.com/liveupdate/game-center/2019092211/2019092211_gtd.json",27,33
"46",46,46,46,46,46,"reg",2019092210,"LAC","HOU",3,2019,"POST","http://www.nfl.com/liveupdate/game-center/2019092210/2019092210_gtd.json",20,27
"47",47,47,47,47,47,"reg",2019092213,"CLE","LA",3,2019,"POST","http://www.nfl.com/liveupdate/game-center/2019092213/2019092213_gtd.json",13,20
"48",48,48,48,48,48,"reg",2019092300,"WAS","CHI",3,2019,"POST","http://www.nfl.com/liveupdate/game-center/2019092300/2019092300_gtd.json",15,31
"49",49,49,49,49,49,"reg",2019092600,"GB","PHI",4,2019,"POST","http://www.nfl.com/liveupdate/game-center/2019092600/2019092600_gtd.json",27,34
"50",50,50,50,50,50,"reg",2019092900,"ATL","TEN",4,2019,"POST","http://www.nfl.com/liveupdate/game-center/2019092900/2019092900_gtd.json",10,24
"51",51,51,51,51,51,"reg",2019092907,"NYG","WAS",4,2019,"POST","http://www.nfl.com/liveupdate/game-center/2019092907/2019092907_gtd.json",24,3
"52",52,52,52,52,52,"reg",2019092906,"MIA","LAC",4,2019,"POST","http://www.nfl.com/liveupdate/game-center/2019092906/2019092906_gtd.json",10,30
"53",53,53,53,53,53,"reg",2019092905,"IND","OAK",4,2019,"POST","http://www.nfl.com/liveupdate/game-center/2019092905/2019092905_gtd.json",24,31
"54",54,54,54,54,54,"reg",2019092904,"HOU","CAR",4,2019,"POST","http://www.nfl.com/liveupdate/game-center/2019092904/2019092904_gtd.json",10,16
"55",55,55,55,55,55,"reg",2019092903,"DET","KC",4,2019,"POST","http://www.nfl.com/liveupdate/game-center/2019092903/2019092903_gtd.json",30,34
"56",56,56,56,56,56,"reg",2019092901,"BAL","CLE",4,2019,"POST","http://www.nfl.com/liveupdate/game-center/2019092901/2019092901_gtd.json",25,40
"57",57,57,57,57,57,"reg",2019092902,"BUF","NE",4,2019,"POST","http://www.nfl.com/liveupdate/game-center/2019092902/2019092902_gtd.json",10,16
"58",58,58,58,58,58,"reg",2019092909,"LA","TB",4,2019,"POST","http://www.nfl.com/liveupdate/game-center/2019092909/2019092909_gtd.json",NA,NA
"59",59,59,59,59,59,"reg",2019092908,"ARI","SEA",4,2019,"POST","http://www.nfl.com/liveupdate/game-center/2019092908/2019092908_gtd.json",NA,NA
"60",60,60,60,60,60,"reg",2019092910,"CHI","MIN",4,2019,"POST","http://www.nfl.com/liveupdate/game-center/2019092910/2019092910_gtd.json",NA,NA
"61",61,61,61,61,61,"reg",2019092911,"DEN","JAX",4,2019,"POST","http://www.nfl.com/liveupdate/game-center/2019092911/2019092911_gtd.json",NA,NA
"62",62,62,62,62,62,"reg",2019092912,"NO","DAL",4,2019,"PRE","http://www.nfl.com/liveupdate/game-center/2019092912/2019092912_gtd.json",NA,NA
"63",63,63,63,63,63,"reg",2019093000,"PIT","CIN",4,2019,"PRE","http://www.nfl.com/liveupdate/game-center/2019093000/2019093000_gtd.json",NA,NA
"64",64,64,64,64,64,"reg",2019100300,"SEA","LA",5,2019,"PRE","http://www.nfl.com/liveupdate/game-center/2019100300/2019100300_gtd.json",NA,NA
"65",65,65,65,65,65,"reg",2019100600,"CAR","JAX",5,2019,"PRE","http://www.nfl.com/liveupdate/game-center/2019100600/2019100600_gtd.json",NA,NA
"66",66,66,66,66,66,"reg",2019100609,"WAS","NE",5,2019,"PRE","http://www.nfl.com/liveupdate/game-center/2019100609/2019100609_gtd.json",NA,NA
"67",67,67,67,67,67,"reg",2019100608,"TEN","BUF",5,2019,"PRE","http://www.nfl.com/liveupdate/game-center/2019100608/2019100608_gtd.json",NA,NA
"68",68,68,68,68,68,"reg",2019100607,"PIT","BAL",5,2019,"PRE","http://www.nfl.com/liveupdate/game-center/2019100607/2019100607_gtd.json",NA,NA
"69",69,69,69,69,69,"reg",2019100601,"CIN","ARI",5,2019,"PRE","http://www.nfl.com/liveupdate/game-center/2019100601/2019100601_gtd.json",NA,NA
"70",70,70,70,70,70,"reg",2019100602,"HOU","ATL",5,2019,"PRE","http://www.nfl.com/liveupdate/game-center/2019100602/2019100602_gtd.json",NA,NA
"71",71,71,71,71,71,"reg",2019100603,"NO","TB",5,2019,"PRE","http://www.nfl.com/liveupdate/game-center/2019100603/2019100603_gtd.json",NA,NA
"72",72,72,72,72,72,"reg",2019100604,"NYG","MIN",5,2019,"PRE","http://www.nfl.com/liveupdate/game-center/2019100604/2019100604_gtd.json",NA,NA
"73",73,73,73,73,73,"reg",2019100605,"OAK","CHI",5,2019,"PRE","http://www.nfl.com/liveupdate/game-center/2019100605/2019100605_gtd.json",NA,NA
"74",74,74,74,74,74,"reg",2019100606,"PHI","NYJ",5,2019,"PRE","http://www.nfl.com/liveupdate/game-center/2019100606/2019100606_gtd.json",NA,NA
"75",75,75,75,75,75,"reg",2019100610,"LAC","DEN",5,2019,"PRE","http://www.nfl.com/liveupdate/game-center/2019100610/2019100610_gtd.json",NA,NA
"76",76,76,76,76,76,"reg",2019100611,"DAL","GB",5,2019,"PRE","http://www.nfl.com/liveupdate/game-center/2019100611/2019100611_gtd.json",NA,NA
"77",77,77,77,77,77,"reg",2019100612,"KC","IND",5,2019,"PRE","http://www.nfl.com/liveupdate/game-center/2019100612/2019100612_gtd.json",NA,NA
"78",78,78,78,78,78,"reg",2019100700,"SF","CLE",5,2019,"PRE","http://www.nfl.com/liveupdate/game-center/2019100700/2019100700_gtd.json",NA,NA
"79",79,79,79,79,79,"reg",2019101000,"NE","NYG",6,2019,"PRE","http://www.nfl.com/liveupdate/game-center/2019101000/2019101000_gtd.json",NA,NA
"80",80,80,80,80,80,"reg",2019101300,"TB","CAR",6,2019,"PRE","http://www.nfl.com/liveupdate/game-center/2019101300/2019101300_gtd.json",NA,NA
"81",81,81,81,81,81,"reg",2019101305,"MIA","WAS",6,2019,"PRE","http://www.nfl.com/liveupdate/game-center/2019101305/2019101305_gtd.json",NA,NA
"82",82,82,82,82,82,"reg",2019101306,"MIN","PHI",6,2019,"PRE","http://www.nfl.com/liveupdate/game-center/2019101306/2019101306_gtd.json",NA,NA
"83",83,83,83,83,83,"reg",2019101304,"KC","HOU",6,2019,"PRE","http://www.nfl.com/liveupdate/game-center/2019101304/2019101304_gtd.json",NA,NA
"84",84,84,84,84,84,"reg",2019101303,"JAX","NO",6,2019,"PRE","http://www.nfl.com/liveupdate/game-center/2019101303/2019101303_gtd.json",NA,NA
"85",85,85,85,85,85,"reg",2019101302,"CLE","SEA",6,2019,"PRE","http://www.nfl.com/liveupdate/game-center/2019101302/2019101302_gtd.json",NA,NA
"86",86,86,86,86,86,"reg",2019101301,"BAL","CIN",6,2019,"PRE","http://www.nfl.com/liveupdate/game-center/2019101301/2019101301_gtd.json",NA,NA
"87",87,87,87,87,87,"reg",2019101308,"LA","SF",6,2019,"PRE","http://www.nfl.com/liveupdate/game-center/2019101308/2019101308_gtd.json",NA,NA
"88",88,88,88,88,88,"reg",2019101307,"ARI","ATL",6,2019,"PRE","http://www.nfl.com/liveupdate/game-center/2019101307/2019101307_gtd.json",NA,NA
"89",89,89,89,89,89,"reg",2019101310,"NYJ","DAL",6,2019,"PRE","http://www.nfl.com/liveupdate/game-center/2019101310/2019101310_gtd.json",NA,NA
"90",90,90,90,90,90,"reg",2019101309,"DEN","TEN",6,2019,"PRE","http://www.nfl.com/liveupdate/game-center/2019101309/2019101309_gtd.json",NA,NA
"91",91,91,91,91,91,"reg",2019101311,"LAC","PIT",6,2019,"PRE","http://www.nfl.com/liveupdate/game-center/2019101311/2019101311_gtd.json",NA,NA
"92",92,92,92,92,92,"reg",2019101400,"GB","DET",6,2019,"PRE","http://www.nfl.com/liveupdate/game-center/2019101400/2019101400_gtd.json",NA,NA
"93",93,93,93,93,93,"reg",2019101700,"DEN","KC",7,2019,"PRE","http://www.nfl.com/liveupdate/game-center/2019101700/2019101700_gtd.json",NA,NA
"94",94,94,94,94,94,"reg",2019102001,"BUF","MIA",7,2019,"PRE","http://www.nfl.com/liveupdate/game-center/2019102001/2019102001_gtd.json",NA,NA
"95",95,95,95,95,95,"reg",2019102002,"CIN","JAX",7,2019,"PRE","http://www.nfl.com/liveupdate/game-center/2019102002/2019102002_gtd.json",NA,NA
"96",96,96,96,96,96,"reg",2019102003,"DET","MIN",7,2019,"PRE","http://www.nfl.com/liveupdate/game-center/2019102003/2019102003_gtd.json",NA,NA
"97",97,97,97,97,97,"reg",2019102004,"GB","OAK",7,2019,"PRE","http://www.nfl.com/liveupdate/game-center/2019102004/2019102004_gtd.json",NA,NA
"98",98,98,98,98,98,"reg",2019102000,"ATL","LA",7,2019,"PRE","http://www.nfl.com/liveupdate/game-center/2019102000/2019102000_gtd.json",NA,NA
"99",99,99,99,99,99,"reg",2019102005,"IND","HOU",7,2019,"PRE","http://www.nfl.com/liveupdate/game-center/2019102005/2019102005_gtd.json",NA,NA
"100",100,100,100,100,100,"reg",2019102007,"WAS","SF",7,2019,"PRE","http://www.nfl.com/liveupdate/game-center/2019102007/2019102007_gtd.json",NA,NA
"101",101,101,101,101,101,"reg",2019102006,"NYG","ARI",7,2019,"PRE","http://www.nfl.com/liveupdate/game-center/2019102006/2019102006_gtd.json",NA,NA
"102",102,102,102,102,102,"reg",2019102008,"TEN","LAC",7,2019,"PRE","http://www.nfl.com/liveupdate/game-center/2019102008/2019102008_gtd.json",NA,NA
"103",103,103,103,103,103,"reg",2019102009,"CHI","NO",7,2019,"PRE","http://www.nfl.com/liveupdate/game-center/2019102009/2019102009_gtd.json",NA,NA
"104",104,104,104,104,104,"reg",2019102010,"SEA","BAL",7,2019,"PRE","http://www.nfl.com/liveupdate/game-center/2019102010/2019102010_gtd.json",NA,NA
"105",105,105,105,105,105,"reg",2019102011,"DAL","PHI",7,2019,"PRE","http://www.nfl.com/liveupdate/game-center/2019102011/2019102011_gtd.json",NA,NA
"106",106,106,106,106,106,"reg",2019102100,"NYJ","NE",7,2019,"PRE","http://www.nfl.com/liveupdate/game-center/2019102100/2019102100_gtd.json",NA,NA
"107",107,107,107,107,107,"reg",2019102400,"MIN","WAS",8,2019,"PRE","http://www.nfl.com/liveupdate/game-center/2019102400/2019102400_gtd.json",NA,NA
"108",108,108,108,108,108,"reg",2019102700,"ATL","SEA",8,2019,"PRE","http://www.nfl.com/liveupdate/game-center/2019102700/2019102700_gtd.json",NA,NA
"109",109,109,109,109,109,"reg",2019102708,"TEN","TB",8,2019,"PRE","http://www.nfl.com/liveupdate/game-center/2019102708/2019102708_gtd.json",NA,NA
"110",110,110,110,110,110,"reg",2019102707,"NO","ARI",8,2019,"PRE","http://www.nfl.com/liveupdate/game-center/2019102707/2019102707_gtd.json",NA,NA
"111",111,111,111,111,111,"reg",2019102706,"LA","CIN",8,2019,"PRE","http://www.nfl.com/liveupdate/game-center/2019102706/2019102706_gtd.json",NA,NA
"112",112,112,112,112,112,"reg",2019102705,"JAX","NYJ",8,2019,"PRE","http://www.nfl.com/liveupdate/game-center/2019102705/2019102705_gtd.json",NA,NA
"113",113,113,113,113,113,"reg",2019102701,"BUF","PHI",8,2019,"PRE","http://www.nfl.com/liveupdate/game-center/2019102701/2019102701_gtd.json",NA,NA
"114",114,114,114,114,114,"reg",2019102702,"CHI","LAC",8,2019,"PRE","http://www.nfl.com/liveupdate/game-center/2019102702/2019102702_gtd.json",NA,NA
"115",115,115,115,115,115,"reg",2019102703,"DET","NYG",8,2019,"PRE","http://www.nfl.com/liveupdate/game-center/2019102703/2019102703_gtd.json",NA,NA
"116",116,116,116,116,116,"reg",2019102704,"HOU","OAK",8,2019,"PRE","http://www.nfl.com/liveupdate/game-center/2019102704/2019102704_gtd.json",NA,NA
"117",117,117,117,117,117,"reg",2019102709,"SF","CAR",8,2019,"PRE","http://www.nfl.com/liveupdate/game-center/2019102709/2019102709_gtd.json",NA,NA
"118",118,118,118,118,118,"reg",2019102711,"NE","CLE",8,2019,"PRE","http://www.nfl.com/liveupdate/game-center/2019102711/2019102711_gtd.json",NA,NA
"119",119,119,119,119,119,"reg",2019102710,"IND","DEN",8,2019,"PRE","http://www.nfl.com/liveupdate/game-center/2019102710/2019102710_gtd.json",NA,NA
"120",120,120,120,120,120,"reg",2019102712,"KC","GB",8,2019,"PRE","http://www.nfl.com/liveupdate/game-center/2019102712/2019102712_gtd.json",NA,NA
"121",121,121,121,121,121,"reg",2019102800,"PIT","MIA",8,2019,"PRE","http://www.nfl.com/liveupdate/game-center/2019102800/2019102800_gtd.json",NA,NA
"122",122,122,122,122,122,"reg",2019103100,"ARI","SF",9,2019,"PRE","http://www.nfl.com/liveupdate/game-center/2019103100/2019103100_gtd.json",NA,NA
"123",123,123,123,123,123,"reg",2019110300,"JAX","HOU",9,2019,"PRE","http://www.nfl.com/liveupdate/game-center/2019110300/2019110300_gtd.json",NA,NA
"124",124,124,124,124,124,"reg",2019110305,"PHI","CHI",9,2019,"PRE","http://www.nfl.com/liveupdate/game-center/2019110305/2019110305_gtd.json",NA,NA
"125",125,125,125,125,125,"reg",2019110306,"PIT","IND",9,2019,"PRE","http://www.nfl.com/liveupdate/game-center/2019110306/2019110306_gtd.json",NA,NA
"126",126,126,126,126,126,"reg",2019110304,"MIA","NYJ",9,2019,"PRE","http://www.nfl.com/liveupdate/game-center/2019110304/2019110304_gtd.json",NA,NA
"127",127,127,127,127,127,"reg",2019110303,"KC","MIN",9,2019,"PRE","http://www.nfl.com/liveupdate/game-center/2019110303/2019110303_gtd.json",NA,NA
"128",128,128,128,128,128,"reg",2019110302,"CAR","TEN",9,2019,"PRE","http://www.nfl.com/liveupdate/game-center/2019110302/2019110302_gtd.json",NA,NA
"129",129,129,129,129,129,"reg",2019110301,"BUF","WAS",9,2019,"PRE","http://www.nfl.com/liveupdate/game-center/2019110301/2019110301_gtd.json",NA,NA
"130",130,130,130,130,130,"reg",2019110308,"SEA","TB",9,2019,"PRE","http://www.nfl.com/liveupdate/game-center/2019110308/2019110308_gtd.json",NA,NA
"131",131,131,131,131,131,"reg",2019110307,"OAK","DET",9,2019,"PRE","http://www.nfl.com/liveupdate/game-center/2019110307/2019110307_gtd.json",NA,NA
"132",132,132,132,132,132,"reg",2019110310,"LAC","GB",9,2019,"PRE","http://www.nfl.com/liveupdate/game-center/2019110310/2019110310_gtd.json",NA,NA
"133",133,133,133,133,133,"reg",2019110309,"DEN","CLE",9,2019,"PRE","http://www.nfl.com/liveupdate/game-center/2019110309/2019110309_gtd.json",NA,NA
"134",134,134,134,134,134,"reg",2019110311,"BAL","NE",9,2019,"PRE","http://www.nfl.com/liveupdate/game-center/2019110311/2019110311_gtd.json",NA,NA
"135",135,135,135,135,135,"reg",2019110400,"NYG","DAL",9,2019,"PRE","http://www.nfl.com/liveupdate/game-center/2019110400/2019110400_gtd.json",NA,NA
"136",136,136,136,136,136,"reg",2019110700,"OAK","LAC",10,2019,"PRE","http://www.nfl.com/liveupdate/game-center/2019110700/2019110700_gtd.json",NA,NA
"137",137,137,137,137,137,"reg",2019111001,"CIN","BAL",10,2019,"PRE","http://www.nfl.com/liveupdate/game-center/2019111001/2019111001_gtd.json",NA,NA
"138",138,138,138,138,138,"reg",2019111002,"CLE","BUF",10,2019,"PRE","http://www.nfl.com/liveupdate/game-center/2019111002/2019111002_gtd.json",NA,NA
"139",139,139,139,139,139,"reg",2019111003,"GB","CAR",10,2019,"PRE","http://www.nfl.com/liveupdate/game-center/2019111003/2019111003_gtd.json",NA,NA
"140",140,140,140,140,140,"reg",2019111004,"NO","ATL",10,2019,"PRE","http://www.nfl.com/liveupdate/game-center/2019111004/2019111004_gtd.json",NA,NA
"141",141,141,141,141,141,"reg",2019111000,"CHI","DET",10,2019,"PRE","http://www.nfl.com/liveupdate/game-center/2019111000/2019111000_gtd.json",NA,NA
"142",142,142,142,142,142,"reg",2019111005,"NYJ","NYG",10,2019,"PRE","http://www.nfl.com/liveupdate/game-center/2019111005/2019111005_gtd.json",NA,NA
"143",143,143,143,143,143,"reg",2019111007,"TEN","KC",10,2019,"PRE","http://www.nfl.com/liveupdate/game-center/2019111007/2019111007_gtd.json",NA,NA
"144",144,144,144,144,144,"reg",2019111006,"TB","ARI",10,2019,"PRE","http://www.nfl.com/liveupdate/game-center/2019111006/2019111006_gtd.json",NA,NA
"145",145,145,145,145,145,"reg",2019111008,"IND","MIA",10,2019,"PRE","http://www.nfl.com/liveupdate/game-center/2019111008/2019111008_gtd.json",NA,NA
"146",146,146,146,146,146,"reg",2019111009,"PIT","LA",10,2019,"PRE","http://www.nfl.com/liveupdate/game-center/2019111009/2019111009_gtd.json",NA,NA
"147",147,147,147,147,147,"reg",2019111010,"DAL","MIN",10,2019,"PRE","http://www.nfl.com/liveupdate/game-center/2019111010/2019111010_gtd.json",NA,NA
"148",148,148,148,148,148,"reg",2019111100,"SF","SEA",10,2019,"PRE","http://www.nfl.com/liveupdate/game-center/2019111100/2019111100_gtd.json",NA,NA
"149",149,149,149,149,149,"reg",2019111400,"CLE","PIT",11,2019,"PRE","http://www.nfl.com/liveupdate/game-center/2019111400/2019111400_gtd.json",NA,NA
"150",150,150,150,150,150,"reg",2019111701,"CAR","ATL",11,2019,"PRE","http://www.nfl.com/liveupdate/game-center/2019111701/2019111701_gtd.json",NA,NA
"151",151,151,151,151,151,"reg",2019111702,"DET","DAL",11,2019,"PRE","http://www.nfl.com/liveupdate/game-center/2019111702/2019111702_gtd.json",NA,NA
"152",152,152,152,152,152,"reg",2019111703,"IND","JAX",11,2019,"PRE","http://www.nfl.com/liveupdate/game-center/2019111703/2019111703_gtd.json",NA,NA
"153",153,153,153,153,153,"reg",2019111704,"MIA","BUF",11,2019,"PRE","http://www.nfl.com/liveupdate/game-center/2019111704/2019111704_gtd.json",NA,NA
"154",154,154,154,154,154,"reg",2019111700,"BAL","HOU",11,2019,"PRE","http://www.nfl.com/liveupdate/game-center/2019111700/2019111700_gtd.json",NA,NA
"155",155,155,155,155,155,"reg",2019111705,"MIN","DEN",11,2019,"PRE","http://www.nfl.com/liveupdate/game-center/2019111705/2019111705_gtd.json",NA,NA
"156",156,156,156,156,156,"reg",2019111707,"WAS","NYJ",11,2019,"PRE","http://www.nfl.com/liveupdate/game-center/2019111707/2019111707_gtd.json",NA,NA
"157",157,157,157,157,157,"reg",2019111706,"TB","NO",11,2019,"PRE","http://www.nfl.com/liveupdate/game-center/2019111706/2019111706_gtd.json",NA,NA
"158",158,158,158,158,158,"reg",2019111708,"SF","ARI",11,2019,"PRE","http://www.nfl.com/liveupdate/game-center/2019111708/2019111708_gtd.json",NA,NA
"159",159,159,159,159,159,"reg",2019111709,"OAK","CIN",11,2019,"PRE","http://www.nfl.com/liveupdate/game-center/2019111709/2019111709_gtd.json",NA,NA
"160",160,160,160,160,160,"reg",2019111710,"PHI","NE",11,2019,"PRE","http://www.nfl.com/liveupdate/game-center/2019111710/2019111710_gtd.json",NA,NA
"161",161,161,161,161,161,"reg",2019111711,"LA","CHI",11,2019,"PRE","http://www.nfl.com/liveupdate/game-center/2019111711/2019111711_gtd.json",NA,NA
"162",162,162,162,162,162,"reg",2019111800,"LAC","KC",11,2019,"PRE","http://www.nfl.com/liveupdate/game-center/2019111800/2019111800_gtd.json",NA,NA
"163",163,163,163,163,163,"reg",2019112100,"HOU","IND",12,2019,"PRE","http://www.nfl.com/liveupdate/game-center/2019112100/2019112100_gtd.json",NA,NA
"164",164,164,164,164,164,"reg",2019112401,"BUF","DEN",12,2019,"PRE","http://www.nfl.com/liveupdate/game-center/2019112401/2019112401_gtd.json",NA,NA
"165",165,165,165,165,165,"reg",2019112402,"CHI","NYG",12,2019,"PRE","http://www.nfl.com/liveupdate/game-center/2019112402/2019112402_gtd.json",NA,NA
"166",166,166,166,166,166,"reg",2019112403,"CIN","PIT",12,2019,"PRE","http://www.nfl.com/liveupdate/game-center/2019112403/2019112403_gtd.json",NA,NA
"167",167,167,167,167,167,"reg",2019112404,"CLE","MIA",12,2019,"PRE","http://www.nfl.com/liveupdate/game-center/2019112404/2019112404_gtd.json",NA,NA
"168",168,168,168,168,168,"reg",2019112400,"ATL","TB",12,2019,"PRE","http://www.nfl.com/liveupdate/game-center/2019112400/2019112400_gtd.json",NA,NA
"169",169,169,169,169,169,"reg",2019112405,"NO","CAR",12,2019,"PRE","http://www.nfl.com/liveupdate/game-center/2019112405/2019112405_gtd.json",NA,NA
"170",170,170,170,170,170,"reg",2019112407,"WAS","DET",12,2019,"PRE","http://www.nfl.com/liveupdate/game-center/2019112407/2019112407_gtd.json",NA,NA
"171",171,171,171,171,171,"reg",2019112406,"NYJ","OAK",12,2019,"PRE","http://www.nfl.com/liveupdate/game-center/2019112406/2019112406_gtd.json",NA,NA
"172",172,172,172,172,172,"reg",2019112408,"TEN","JAX",12,2019,"PRE","http://www.nfl.com/liveupdate/game-center/2019112408/2019112408_gtd.json",NA,NA
"173",173,173,173,173,173,"reg",2019112409,"NE","DAL",12,2019,"PRE","http://www.nfl.com/liveupdate/game-center/2019112409/2019112409_gtd.json",NA,NA
"174",174,174,174,174,174,"reg",2019112410,"SF","GB",12,2019,"PRE","http://www.nfl.com/liveupdate/game-center/2019112410/2019112410_gtd.json",NA,NA
"175",175,175,175,175,175,"reg",2019112411,"PHI","SEA",12,2019,"PRE","http://www.nfl.com/liveupdate/game-center/2019112411/2019112411_gtd.json",NA,NA
"176",176,176,176,176,176,"reg",2019112500,"LA","BAL",12,2019,"PRE","http://www.nfl.com/liveupdate/game-center/2019112500/2019112500_gtd.json",NA,NA
"177",177,177,177,177,177,"reg",2019112800,"DET","CHI",13,2019,"PRE","http://www.nfl.com/liveupdate/game-center/2019112800/2019112800_gtd.json",NA,NA
"178",178,178,178,178,178,"reg",2019112801,"DAL","BUF",13,2019,"PRE","http://www.nfl.com/liveupdate/game-center/2019112801/2019112801_gtd.json",NA,NA
"179",179,179,179,179,179,"reg",2019112802,"ATL","NO",13,2019,"PRE","http://www.nfl.com/liveupdate/game-center/2019112802/2019112802_gtd.json",NA,NA
"180",180,180,180,180,180,"reg",2019120103,"IND","TEN",13,2019,"PRE","http://www.nfl.com/liveupdate/game-center/2019120103/2019120103_gtd.json",NA,NA
"181",181,181,181,181,181,"reg",2019120102,"CIN","NYJ",13,2019,"PRE","http://www.nfl.com/liveupdate/game-center/2019120102/2019120102_gtd.json",NA,NA
"182",182,182,182,182,182,"reg",2019120101,"CAR","WAS",13,2019,"PRE","http://www.nfl.com/liveupdate/game-center/2019120101/2019120101_gtd.json",NA,NA
"183",183,183,183,183,183,"reg",2019120100,"BAL","SF",13,2019,"PRE","http://www.nfl.com/liveupdate/game-center/2019120100/2019120100_gtd.json",NA,NA
"184",184,184,184,184,184,"reg",2019120104,"JAX","TB",13,2019,"PRE","http://www.nfl.com/liveupdate/game-center/2019120104/2019120104_gtd.json",NA,NA
"185",185,185,185,185,185,"reg",2019120107,"NYG","GB",13,2019,"PRE","http://www.nfl.com/liveupdate/game-center/2019120107/2019120107_gtd.json",NA,NA
"186",186,186,186,186,186,"reg",2019120106,"MIA","PHI",13,2019,"PRE","http://www.nfl.com/liveupdate/game-center/2019120106/2019120106_gtd.json",NA,NA
"187",187,187,187,187,187,"reg",2019120105,"KC","OAK",13,2019,"PRE","http://www.nfl.com/liveupdate/game-center/2019120105/2019120105_gtd.json",NA,NA
"188",188,188,188,188,188,"reg",2019120108,"ARI","LA",13,2019,"PRE","http://www.nfl.com/liveupdate/game-center/2019120108/2019120108_gtd.json",NA,NA
"189",189,189,189,189,189,"reg",2019120110,"PIT","CLE",13,2019,"PRE","http://www.nfl.com/liveupdate/game-center/2019120110/2019120110_gtd.json",NA,NA
"190",190,190,190,190,190,"reg",2019120109,"DEN","LAC",13,2019,"PRE","http://www.nfl.com/liveupdate/game-center/2019120109/2019120109_gtd.json",NA,NA
"191",191,191,191,191,191,"reg",2019120111,"HOU","NE",13,2019,"PRE","http://www.nfl.com/liveupdate/game-center/2019120111/2019120111_gtd.json",NA,NA
"192",192,192,192,192,192,"reg",2019120200,"SEA","MIN",13,2019,"PRE","http://www.nfl.com/liveupdate/game-center/2019120200/2019120200_gtd.json",NA,NA
"193",193,193,193,193,193,"reg",2019120500,"CHI","DAL",14,2019,"PRE","http://www.nfl.com/liveupdate/game-center/2019120500/2019120500_gtd.json",NA,NA
"194",194,194,194,194,194,"reg",2019120800,"ATL","CAR",14,2019,"PRE","http://www.nfl.com/liveupdate/game-center/2019120800/2019120800_gtd.json",NA,NA
"195",195,195,195,195,195,"reg",2019120808,"TB","IND",14,2019,"PRE","http://www.nfl.com/liveupdate/game-center/2019120808/2019120808_gtd.json",NA,NA
"196",196,196,196,196,196,"reg",2019120807,"NYJ","MIA",14,2019,"PRE","http://www.nfl.com/liveupdate/game-center/2019120807/2019120807_gtd.json",NA,NA
"197",197,197,197,197,197,"reg",2019120806,"NO","SF",14,2019,"PRE","http://www.nfl.com/liveupdate/game-center/2019120806/2019120806_gtd.json",NA,NA
"198",198,198,198,198,198,"reg",2019120805,"MIN","DET",14,2019,"PRE","http://www.nfl.com/liveupdate/game-center/2019120805/2019120805_gtd.json",NA,NA
"199",199,199,199,199,199,"reg",2019120804,"HOU","DEN",14,2019,"PRE","http://www.nfl.com/liveupdate/game-center/2019120804/2019120804_gtd.json",NA,NA
"200",200,200,200,200,200,"reg",2019120801,"BUF","BAL",14,2019,"PRE","http://www.nfl.com/liveupdate/game-center/2019120801/2019120801_gtd.json",NA,NA
"201",201,201,201,201,201,"reg",2019120802,"CLE","CIN",14,2019,"PRE","http://www.nfl.com/liveupdate/game-center/2019120802/2019120802_gtd.json",NA,NA
"202",202,202,202,202,202,"reg",2019120803,"GB","WAS",14,2019,"PRE","http://www.nfl.com/liveupdate/game-center/2019120803/2019120803_gtd.json",NA,NA
"203",203,203,203,203,203,"reg",2019120809,"JAX","LAC",14,2019,"PRE","http://www.nfl.com/liveupdate/game-center/2019120809/2019120809_gtd.json",NA,NA
"204",204,204,204,204,204,"reg",2019120810,"ARI","PIT",14,2019,"PRE","http://www.nfl.com/liveupdate/game-center/2019120810/2019120810_gtd.json",NA,NA
"205",205,205,205,205,205,"reg",2019120812,"OAK","TEN",14,2019,"PRE","http://www.nfl.com/liveupdate/game-center/2019120812/2019120812_gtd.json",NA,NA
"206",206,206,206,206,206,"reg",2019120811,"NE","KC",14,2019,"PRE","http://www.nfl.com/liveupdate/game-center/2019120811/2019120811_gtd.json",NA,NA
"207",207,207,207,207,207,"reg",2019120813,"LA","SEA",14,2019,"PRE","http://www.nfl.com/liveupdate/game-center/2019120813/2019120813_gtd.json",NA,NA
"208",208,208,208,208,208,"reg",2019120900,"PHI","NYG",14,2019,"PRE","http://www.nfl.com/liveupdate/game-center/2019120900/2019120900_gtd.json",NA,NA
"209",209,209,209,209,209,"reg",2019121200,"BAL","NYJ",15,2019,"PRE","http://www.nfl.com/liveupdate/game-center/2019121200/2019121200_gtd.json",NA,NA
"210",210,210,210,210,210,"reg",2019121500,"CAR","SEA",15,2019,"PRE","http://www.nfl.com/liveupdate/game-center/2019121500/2019121500_gtd.json",NA,NA
"211",211,211,211,211,211,"reg",2019121508,"WAS","PHI",15,2019,"PRE","http://www.nfl.com/liveupdate/game-center/2019121508/2019121508_gtd.json",NA,NA
"212",212,212,212,212,212,"reg",2019121507,"TEN","HOU",15,2019,"PRE","http://www.nfl.com/liveupdate/game-center/2019121507/2019121507_gtd.json",NA,NA
"213",213,213,213,213,213,"reg",2019121506,"PIT","BUF",15,2019,"PRE","http://www.nfl.com/liveupdate/game-center/2019121506/2019121506_gtd.json",NA,NA
"214",214,214,214,214,214,"reg",2019121505,"NYG","MIA",15,2019,"PRE","http://www.nfl.com/liveupdate/game-center/2019121505/2019121505_gtd.json",NA,NA
"215",215,215,215,215,215,"reg",2019121504,"KC","DEN",15,2019,"PRE","http://www.nfl.com/liveupdate/game-center/2019121504/2019121504_gtd.json",NA,NA
"216",216,216,216,216,216,"reg",2019121501,"CIN","NE",15,2019,"PRE","http://www.nfl.com/liveupdate/game-center/2019121501/2019121501_gtd.json",NA,NA
"217",217,217,217,217,217,"reg",2019121502,"DET","TB",15,2019,"PRE","http://www.nfl.com/liveupdate/game-center/2019121502/2019121502_gtd.json",NA,NA
"218",218,218,218,218,218,"reg",2019121503,"GB","CHI",15,2019,"PRE","http://www.nfl.com/liveupdate/game-center/2019121503/2019121503_gtd.json",NA,NA
"219",219,219,219,219,219,"reg",2019121510,"OAK","JAX",15,2019,"PRE","http://www.nfl.com/liveupdate/game-center/2019121510/2019121510_gtd.json",NA,NA
"220",220,220,220,220,220,"reg",2019121509,"ARI","CLE",15,2019,"PRE","http://www.nfl.com/liveupdate/game-center/2019121509/2019121509_gtd.json",NA,NA
"221",221,221,221,221,221,"reg",2019121512,"SF","ATL",15,2019,"PRE","http://www.nfl.com/liveupdate/game-center/2019121512/2019121512_gtd.json",NA,NA
"222",222,222,222,222,222,"reg",2019121511,"DAL","LA",15,2019,"PRE","http://www.nfl.com/liveupdate/game-center/2019121511/2019121511_gtd.json",NA,NA
"223",223,223,223,223,223,"reg",2019121513,"LAC","MIN",15,2019,"PRE","http://www.nfl.com/liveupdate/game-center/2019121513/2019121513_gtd.json",NA,NA
"224",224,224,224,224,224,"reg",2019121600,"NO","IND",15,2019,"PRE","http://www.nfl.com/liveupdate/game-center/2019121600/2019121600_gtd.json",NA,NA
"225",225,225,225,225,225,"reg",2019122200,"DEN","DET",16,2019,"PRE","http://www.nfl.com/liveupdate/game-center/2019122200/2019122200_gtd.json",NA,NA
"226",226,226,226,226,226,"reg",2019122201,"LAC","OAK",16,2019,"PRE","http://www.nfl.com/liveupdate/game-center/2019122201/2019122201_gtd.json",NA,NA
"227",227,227,227,227,227,"reg",2019122211,"WAS","NYG",16,2019,"PRE","http://www.nfl.com/liveupdate/game-center/2019122211/2019122211_gtd.json",NA,NA
"228",228,228,228,228,228,"reg",2019122210,"TEN","NO",16,2019,"PRE","http://www.nfl.com/liveupdate/game-center/2019122210/2019122210_gtd.json",NA,NA
"229",229,229,229,229,229,"reg",2019122209,"NYJ","PIT",16,2019,"PRE","http://www.nfl.com/liveupdate/game-center/2019122209/2019122209_gtd.json",NA,NA
"230",230,230,230,230,230,"reg",2019122202,"NE","BUF",16,2019,"PRE","http://www.nfl.com/liveupdate/game-center/2019122202/2019122202_gtd.json",NA,NA
"231",231,231,231,231,231,"reg",2019122203,"SF","LA",16,2019,"PRE","http://www.nfl.com/liveupdate/game-center/2019122203/2019122203_gtd.json",NA,NA
"232",232,232,232,232,232,"reg",2019122204,"TB","HOU",16,2019,"PRE","http://www.nfl.com/liveupdate/game-center/2019122204/2019122204_gtd.json",NA,NA
"233",233,233,233,233,233,"reg",2019122205,"ATL","JAX",16,2019,"PRE","http://www.nfl.com/liveupdate/game-center/2019122205/2019122205_gtd.json",NA,NA
"234",234,234,234,234,234,"reg",2019122206,"CLE","BAL",16,2019,"PRE","http://www.nfl.com/liveupdate/game-center/2019122206/2019122206_gtd.json",NA,NA
"235",235,235,235,235,235,"reg",2019122207,"IND","CAR",16,2019,"PRE","http://www.nfl.com/liveupdate/game-center/2019122207/2019122207_gtd.json",NA,NA
"236",236,236,236,236,236,"reg",2019122208,"MIA","CIN",16,2019,"PRE","http://www.nfl.com/liveupdate/game-center/2019122208/2019122208_gtd.json",NA,NA
"237",237,237,237,237,237,"reg",2019122213,"SEA","ARI",16,2019,"PRE","http://www.nfl.com/liveupdate/game-center/2019122213/2019122213_gtd.json",NA,NA
"238",238,238,238,238,238,"reg",2019122212,"PHI","DAL",16,2019,"PRE","http://www.nfl.com/liveupdate/game-center/2019122212/2019122212_gtd.json",NA,NA
"239",239,239,239,239,239,"reg",2019122214,"CHI","KC",16,2019,"PRE","http://www.nfl.com/liveupdate/game-center/2019122214/2019122214_gtd.json",NA,NA
"240",240,240,240,240,240,"reg",2019122300,"MIN","GB",16,2019,"PRE","http://www.nfl.com/liveupdate/game-center/2019122300/2019122300_gtd.json",NA,NA
"241",241,241,241,241,241,"reg",2019122900,"BAL","PIT",17,2019,"PRE","http://www.nfl.com/liveupdate/game-center/2019122900/2019122900_gtd.json",NA,NA
"242",242,242,242,242,242,"reg",2019122901,"BUF","NYJ",17,2019,"PRE","http://www.nfl.com/liveupdate/game-center/2019122901/2019122901_gtd.json",NA,NA
"243",243,243,243,243,243,"reg",2019122912,"TB","ATL",17,2019,"PRE","http://www.nfl.com/liveupdate/game-center/2019122912/2019122912_gtd.json",NA,NA
"244",244,244,244,244,244,"reg",2019122911,"NYG","PHI",17,2019,"PRE","http://www.nfl.com/liveupdate/game-center/2019122911/2019122911_gtd.json",NA,NA
"245",245,245,245,245,245,"reg",2019122902,"CAR","NO",17,2019,"PRE","http://www.nfl.com/liveupdate/game-center/2019122902/2019122902_gtd.json",NA,NA
"246",246,246,246,246,246,"reg",2019122903,"CIN","CLE",17,2019,"PRE","http://www.nfl.com/liveupdate/game-center/2019122903/2019122903_gtd.json",NA,NA
"247",247,247,247,247,247,"reg",2019122904,"DAL","WAS",17,2019,"PRE","http://www.nfl.com/liveupdate/game-center/2019122904/2019122904_gtd.json",NA,NA
"248",248,248,248,248,248,"reg",2019122905,"DET","GB",17,2019,"PRE","http://www.nfl.com/liveupdate/game-center/2019122905/2019122905_gtd.json",NA,NA
"249",249,249,249,249,249,"reg",2019122906,"HOU","TEN",17,2019,"PRE","http://www.nfl.com/liveupdate/game-center/2019122906/2019122906_gtd.json",NA,NA
"250",250,250,250,250,250,"reg",2019122907,"JAX","IND",17,2019,"PRE","http://www.nfl.com/liveupdate/game-center/2019122907/2019122907_gtd.json",NA,NA
"251",251,251,251,251,251,"reg",2019122908,"KC","LAC",17,2019,"PRE","http://www.nfl.com/liveupdate/game-center/2019122908/2019122908_gtd.json",NA,NA
"252",252,252,252,252,252,"reg",2019122909,"MIN","CHI",17,2019,"PRE","http://www.nfl.com/liveupdate/game-center/2019122909/2019122909_gtd.json",NA,NA
"253",253,253,253,253,253,"reg",2019122910,"NE","MIA",17,2019,"PRE","http://www.nfl.com/liveupdate/game-center/2019122910/2019122910_gtd.json",NA,NA
"254",254,254,254,254,254,"reg",2019122913,"DEN","OAK",17,2019,"PRE","http://www.nfl.com/liveupdate/game-center/2019122913/2019122913_gtd.json",NA,NA
"255",255,255,255,255,255,"reg",2019122914,"LA","ARI",17,2019,"PRE","http://www.nfl.com/liveupdate/game-center/2019122914/2019122914_gtd.json",NA,NA
"256",256,256,256,256,256,"reg",2019122915,"SEA","SF",17,2019,"PRE","http://www.nfl.com/liveupdate/game-center/2019122915/2019122915_gtd.json",NA,NA
